{
  "app/__init__.py": 1750010667.6951585,
  "app/app.py": 1764618488.3729315,
  "app/config.py": 1764005462.224385,
  "app/database.py": 1764616444.8587606,
  "app/email.py": 1750010667.6984918,
  "app/enums.py": 1763210891.982272,
  "app/main.py": 1764170653.5123105,
  "app/pubsub.py": 1763994926.1111884,
  "app/clients/__init__.py": 1750010667.6951585,
  "app/clients/database/__init__.py": 1763913975.148432,
  "app/clients/database/auth/__init__.py": 1763210891.9789386,
  "app/clients/database/auth/create.py": 1763210891.9789386,
  "app/clients/database/auth/delete.py": 1750010667.6984918,
  "app/clients/database/auth/read.py": 1763210891.9789386,
  "app/clients/database/auth/update.py": 1747052008.1613033,
  "app/clients/database/image/__init__.py": 1747051515.2359412,
  "app/clients/database/image/create.py": 1763210891.9789386,
  "app/clients/database/image/read.py": 1747051515.2359412,
  "app/clients/email/__init__.py": 1750010667.6984918,
  "app/clients/email/auth.py": 1763247441.143473,
  "app/clients/networking/__init__.py": 1763915289.5593932,
  "app/clients/networking/imgpush/__init__.py": 1763915240.7209675,
  "app/clients/networking/imgpush/constants.py": 1763915362.8103652,
  "app/clients/networking/imgpush/create.py": 1764195860.6307666,
  "app/clients/networking/imgpush/read.py": 1763915729.7785354,
  "app/domain/__init__.py": 1764018188.5012996,
  "app/domain/star.py": 1747051515.2392745,
  "app/errors/__init__.py": 1747051515.2392745,
  "app/errors/auth.py": 1763210891.982272,
  "app/errors/base.py": 1747052008.1646366,
  "app/errors/chat.py": 1747051515.2392745,
  "app/errors/image.py": 1763987435.951429,
  "app/errors/item.py": 1747051515.2392745,
  "app/errors/like.py": 1747051515.2392745,
  "app/errors/loan.py": 1764608407.854328,
  "app/errors/region.py": 1747051515.2392745,
  "app/errors/save.py": 1747051515.2392745,
  "app/errors/user.py": 1747051515.2392745,
  "app/models/__init__.py": 1747051515.2392745,
  "app/models/auth.py": 1764495659.2382467,
  "app/models/base.py": 1763814920.527626,
  "app/models/chat.py": 1764628281.1374714,
  "app/models/loan.py": 1764605272.2286708,
  "app/models/report.py": 1763210891.985605,
  "app/models/user.py": 1764194192.7278676,
  "app/models/item/__init__.py": 1764338466.1415722,
  "app/models/item/image.py": 1764191682.805446,
  "app/models/item/item.py": 1764604365.614543,
  "app/models/item/like.py": 1763210891.982272,
  "app/models/item/region.py": 1764191665.4393392,
  "app/models/item/save.py": 1763210891.985605,
  "app/routers/__init__.py": 1747051515.2392745,
  "app/routers/v1/__init__.py": 1747052008.16797,
  "app/routers/v1/utils.py": 1764004568.1298745,
  "app/routers/v1/auth/__init__.py": 1763210891.985605,
  "app/routers/v1/auth/annotations.py": 1763210891.985605,
  "app/routers/v1/auth/availability.py": 1764004568.1332076,
  "app/routers/v1/auth/cookies.py": 1763735034.195426,
  "app/routers/v1/auth/login.py": 1764004568.1298745,
  "app/routers/v1/auth/logout.py": 1764002180.7968342,
  "app/routers/v1/auth/new.py": 1764004568.1298745,
  "app/routers/v1/auth/refresh.py": 1764004568.1298745,
  "app/routers/v1/auth/reset.py": 1764004568.1298745,
  "app/routers/v1/auth/router.py": 1750010667.7051582,
  "app/routers/v1/auth/validation.py": 1764004568.1332076,
  "app/routers/v1/auth/verification.py": 1764002378.0638082,
  "app/routers/v1/images/__init__.py": 1747051515.2392745,
  "app/routers/v1/images/create.py": 1764004568.1298745,
  "app/routers/v1/images/read.py": 1764002479.8338609,
  "app/routers/v1/images/router.py": 1747051515.242608,
  "app/routers/v1/items/__init__.py": 1747051515.242608,
  "app/routers/v1/items/annotations.py": 1747051515.242608,
  "app/routers/v1/items/read.py": 1764585814.9212227,
  "app/routers/v1/items/report.py": 1764004568.1332076,
  "app/routers/v1/items/request.py": 1764004568.1332076,
  "app/routers/v1/items/router.py": 1747051515.242608,
  "app/routers/v1/me/__init__.py": 1763210891.985605,
  "app/routers/v1/me/annotations.py": 1747051515.242608,
  "app/routers/v1/me/liked.py": 1764585853.3733172,
  "app/routers/v1/me/me.py": 1764004568.1332076,
  "app/routers/v1/me/router.py": 1763210891.9956048,
  "app/routers/v1/me/saved.py": 1764585839.2104402,
  "app/routers/v1/me/websocket.py": 1764691484.290944,
  "app/routers/v1/me/borrowings/__init__.py": 1763210891.985605,
  "app/routers/v1/me/borrowings/annotations.py": 1763210891.985605,
  "app/routers/v1/me/borrowings/read.py": 1764004568.136541,
  "app/routers/v1/me/borrowings/router.py": 1763210891.9889383,
  "app/routers/v1/me/borrowings/requests/__init__.py": 1763210891.9889383,
  "app/routers/v1/me/borrowings/requests/annotations.py": 1763210891.9889383,
  "app/routers/v1/me/borrowings/requests/read.py": 1764004568.1398742,
  "app/routers/v1/me/borrowings/requests/router.py": 1763210891.9889383,
  "app/routers/v1/me/borrowings/requests/update.py": 1764004568.1398742,
  "app/routers/v1/me/chats/__init__.py": 1747051515.242608,
  "app/routers/v1/me/chats/annotations.py": 1763210891.9889383,
  "app/routers/v1/me/chats/create.py": 1764004568.136541,
  "app/routers/v1/me/chats/read.py": 1764004568.136541,
  "app/routers/v1/me/chats/report.py": 1764004568.1398742,
  "app/routers/v1/me/chats/router.py": 1747051515.242608,
  "app/routers/v1/me/chats/update.py": 1764004568.136541,
  "app/routers/v1/me/chats/websocket.py": 1747051515.242608,
  "app/routers/v1/me/items/__init__.py": 1763210891.9889383,
  "app/routers/v1/me/items/annotations.py": 1747051515.242608,
  "app/routers/v1/me/items/create.py": 1764335713.7403004,
  "app/routers/v1/me/items/delete.py": 1764004568.136541,
  "app/routers/v1/me/items/read.py": 1764585864.2096348,
  "app/routers/v1/me/items/requests.py": 1764004568.136541,
  "app/routers/v1/me/items/router.py": 1763210891.9922714,
  "app/routers/v1/me/items/update.py": 1764004568.136541,
  "app/routers/v1/me/items/loans/__init__.py": 1763210891.9889383,
  "app/routers/v1/me/items/loans/annotations.py": 1763210891.9889383,
  "app/routers/v1/me/items/loans/read.py": 1764004568.136541,
  "app/routers/v1/me/items/loans/router.py": 1763210891.9922714,
  "app/routers/v1/me/items/loans/update.py": 1764004568.1332076,
  "app/routers/v1/me/items/loans/requests/__init__.py": 1763210891.9922714,
  "app/routers/v1/me/items/loans/requests/annotations.py": 1763210891.9922714,
  "app/routers/v1/me/items/loans/requests/read.py": 1764004568.136541,
  "app/routers/v1/me/items/loans/requests/router.py": 1763210891.9922714,
  "app/routers/v1/me/items/loans/requests/update.py": 1764004568.1398742,
  "app/routers/v1/me/loans/__init__.py": 1763210891.9922714,
  "app/routers/v1/me/loans/annotations.py": 1763210891.9922714,
  "app/routers/v1/me/loans/read.py": 1764004568.136541,
  "app/routers/v1/me/loans/router.py": 1763210891.9956048,
  "app/routers/v1/me/loans/update.py": 1764004568.1332076,
  "app/routers/v1/me/loans/requests/__init__.py": 1763210891.9922714,
  "app/routers/v1/me/loans/requests/annotations.py": 1763210891.9956048,
  "app/routers/v1/me/loans/requests/read.py": 1764004568.136541,
  "app/routers/v1/me/loans/requests/router.py": 1763210891.9956048,
  "app/routers/v1/me/loans/requests/update.py": 1764004568.1332076,
  "app/routers/v1/users/__init__.py": 1747051515.242608,
  "app/routers/v1/users/annotations.py": 1747051515.242608,
  "app/routers/v1/users/items.py": 1764585802.031638,
  "app/routers/v1/users/read.py": 1764004568.1332076,
  "app/routers/v1/users/router.py": 1747051515.242608,
  "app/schemas/__init__.py": 1763210891.9956048,
  "app/schemas/base.py": 1764342301.8579214,
  "app/schemas/pubsub.py": 1750010667.7084913,
  "app/schemas/query.py": 1763210892.0022712,
  "app/schemas/utils.py": 1747051515.2459414,
  "app/schemas/websocket.py": 1750010667.7084913,
  "app/schemas/auth/api.py": 1750010667.7051582,
  "app/schemas/auth/availability.py": 1750010667.7051582,
  "app/schemas/auth/base.py": 1747052008.1713033,
  "app/schemas/auth/create.py": 1750010667.7051582,